"abbpop","orange","orange_yellow","white","yellow","totalN","freqO","freqW","freqY","freqOY","morph_no","Latitude","Longitude","lineage","Source","Green","sample_sizeG","black","sample_sizeB","fixed_brown","Notes"
"AC",0,0,24,0,24,0,1,0,0,1,42.4806985,12.573595,"IT","Feiner_Uller",6.6,15,0.415855469209771,15,NA,NA
"AL",3,0,26,1,30,0.1,0.866666666666667,0.0333333333333333,0,3,44.322488,10.25085,"Hybrid","Feiner_Uller",3.30769230769231,13,0.358461538461538,13,NA,NA
"AR",0,0,27,0,27,0,1,0,0,1,44.0681819,10.2493919,"Hybrid","Feiner_Uller",2.61538461538462,13,0.329033862878317,13,NA,NA
"AS",7,0,18,2,27,0.259259259259259,0.666666666666667,0.0740740740740741,0,3,42.414384,13.509014,"IT","Feiner_Uller",1.15384615384615,13,0.262045790819999,13,NA,NA
"ASS",1,0,25,0,26,0.0384615384615385,0.961538461538462,0,0,2,42.8813103,11.6739392,"IT","Feiner_Uller",6.46153846153846,13,0.377692307692308,13,NA,NA
"AZ",0,0,73,0,73,0,1,0,0,1,41.732348,12.666516,"IT","Feiner_Uller",9.2,35,0.63,35,NA,NA
"BD",2,0,22,4,28,0.0714285714285714,0.785714285714286,0.142857142857143,0,3,44.633456,9.731405,"SA","Feiner_Uller",1.94444444444444,18,0.291111111111111,18,NA,NA
"BE",0,0,26,0,26,0,1,0,0,1,43.716831,12.376136,"IT","Feiner_Uller",3.33333333333333,15,0.331586199538249,15,NA,NA
"BF",2,0,16,8,26,0.0769230769230769,0.615384615384615,0.307692307692308,0,3,44.813479,9.041028,"SA","Feiner_Uller",1.53846153846154,13,0.213076923076923,13,NA,NA
"BG",2,0,18,1,21,0.0952380952380952,0.857142857142857,0.0476190476190476,0,3,45.80208,11.71101,NA,"Feiner_Uller",1.46666666666667,15,0.283971428571429,15,NA,NA
"BI",0,0,24,0,24,0,1,0,0,1,43.695366,11.82005,"IT","Feiner_Uller",4.66666666666667,12,0.382280265378578,12,NA,NA
"BL",0,0,24,1,25,0,0.96,0.04,0,2,43.709995,12.181325,"IT","Feiner_Uller",2.75,16,0.256598975908519,16,NA,NA
"BLI",0,0,22,0,22,0,1,0,0,1,44.3945,9.3788,"SA","Feiner_Uller",7.33333333333333,15,0.300845013796403,15,NA,NA
"BO",0,0,28,1,29,0,0.96551724137931,0.0344827586206897,0,2,44.454063,9.84805,"SA","Feiner_Uller",4.41176470588235,17,0.317058823529412,17,NA,NA
"BP",0,0,22,1,23,0,0.956521739130435,0.0434782608695652,0,2,45.09714,11.49063,NA,"Feiner_Uller",1.63636363636364,11,0.162554545454545,11,NA,NA
"BT",0,0,41,0,41,0,1,0,0,1,43.72659,10.58541,"IT","Feiner_Uller",8.125,24,0.529370833333333,24,NA,NA
"BV",2,0,20,0,22,0.0909090909090909,0.909090909090909,0,0,2,45.41062,11.53904,NA,"Feiner_Uller",1.92307692307692,13,0.432,13,NA,NA
"BVN",0,0,24,0,24,0,1,0,0,1,44.4567592,9.4259503,"SA","Feiner_Uller",7.38461538461539,13,0.350979311795047,13,NA,NA
"BZ",0,0,28,1,29,0,0.96551724137931,0.0344827586206897,0,2,44.42015,9.389512,"SA","Feiner_Uller",5.73333333333333,15,0.210666666666667,15,NA,NA
"CA",0,0,49,0,49,0,1,0,0,1,43.7219,10.52198,"IT","Feiner_Uller",8.33333333333333,30,0.607,30,NA,NA
"CDM",0,0,22,0,22,0,1,0,0,1,42.2085,12.8409,"IT","Feiner_Uller",7,17,0.313856481273768,17,NA,NA
"CE",0,0,31,0,31,0,1,0,0,1,44.73153,11.29081,"Hybrid","Feiner_Uller",5.33333333333333,15,0.442046666666667,15,NA,NA
"CHI",0,0,22,0,22,0,1,0,0,1,44.31771,9.32241,"SA","Feiner_Uller",6.92307692307692,13,0.276532651658421,13,NA,NA
"CL",0,0,11,0,11,0,1,0,0,1,43.605763,10.96971,"IT","Feiner_Uller",8.83333333333333,6,0.506666666666667,6,NA,NA
"CLN",0,0,22,0,22,0,1,0,0,1,42.2456,12.8178,"IT","Feiner_Uller",7.22222222222222,9,0.392750342104933,9,NA,NA
"CM",0,0,23,0,23,0,1,0,0,1,41.381766,13.53383,"IT","Feiner_Uller",7.36363636363636,11,0.442444444444444,11,NA,NA
"CN",0,0,48,0,48,0,1,0,0,1,43.48423,10.64247,"IT","Feiner_Uller",7.77777777777778,36,0.443076923076923,36,NA,NA
"COL",0,0,24,0,24,0,1,0,0,1,44.1118614063,10.3667339367,"Hybrid","Feiner_Uller",5.58823529411765,17,0.365927136275391,17,NA,NA
"COR",0,0,26,0,26,0,1,0,0,1,42.7032536,12.2276115,"IT","Feiner_Uller",7.7,10,0.32402,10,NA,NA
"CP",0,2,9,13,24,0,0.375,0.541666666666667,0.0833333333333333,2,44.8634,8.55294,"SA","Feiner_Uller",1.05882352941176,17,0.188235294117647,17,"Y",NA
"CR",0,0,21,0,21,0,1,0,0,1,43.57478,10.56486,"IT","Feiner_Uller",8.8,15,0.473076923076923,15,NA,NA
"CSA",0,0,25,0,25,0,1,0,0,1,43.9979644,10.2538787,"Hybrid","Feiner_Uller",7.57142857142857,14,0.447486527203622,14,NA,NA
"CT",2,0,22,2,26,0.0769230769230769,0.846153846153846,0.0769230769230769,0,3,44.51326,10.73318,"Hybrid","Feiner_Uller",3.78947368421053,19,0.305678947368421,19,NA,NA
"CTG",0,0,23,0,23,0,1,0,0,1,44.4389666666666,9.41163055555555,"SA","Feiner_Uller",7.94444444444444,18,0.308366598308556,18,NA,NA
"CV",0,0,18,0,18,0,1,0,0,1,43.698056,11.936044,"IT","Feiner_Uller",3.42857142857143,7,0.275314285714286,7,NA,NA
"CX",3,0,18,1,22,0.136363636363636,0.818181818181818,0.0454545454545455,0,3,44.533056,10.340833,"Hybrid","Feiner_Uller",3.33333333333333,12,0.244166666666667,12,NA,NA
"DR",9,0,20,2,31,0.290322580645161,0.645161290322581,0.0645161290322581,0,3,42.3308764,13.3763542,"IT","Feiner_Uller",1.21,14,0.21,14,NA,NA
"DS",11,1,44,2,58,0.189655172413793,0.758620689655172,0.0344827586206897,0.0172413793103448,3,42.346759,13.291713,"IT","Feiner_Uller",1.26666666666667,31,0.170923629163866,31,NA,NA
"FDM",0,0,22,0,22,0,1,0,0,1,43.958,10.1673,"Hybrid","Feiner_Uller",6.5,16,0.351376269872004,16,NA,NA
"FG",21,0,31,1,53,0.39622641509434,0.584905660377358,0.0188679245283019,0,3,42.278601,13.188891,"IT","Feiner_Uller",2.08333333333333,24,0.228815624219722,24,NA,NA
"FM",2,0,29,2,33,0.0606060606060606,0.878787878787879,0.0606060606060606,0,3,44.165611,10.638823,"Hybrid","Feiner_Uller",3.375,16,0.25560625,16,NA,NA
"FO",0,0,27,0,27,0,1,0,0,1,41.413293,12.904334,"IT","Feiner_Uller",8.42857142857143,14,0.637128571428571,14,NA,NA
"FU",0,0,70,0,70,0,1,0,0,1,41.723363,12.306088,"IT","Feiner_Uller",9.52173913043478,47,0.690634920838268,47,NA,NA
"GC",0,0,64,0,64,0,1,0,0,1,43.58758,11.31481,"IT","Feiner_Uller",7.14814814814815,27,0.505909090909091,27,NA,NA
"GN",0,0,27,0,27,0,1,0,0,1,44.383538,9.045951,"SA","Feiner_Uller",7.23076923076923,13,0.259230769230769,13,NA,NA
"GO",0,0,27,0,27,0,1,0,0,1,44.290995,9.673241,"SA","Feiner_Uller",4.4375,16,0.339375,16,NA,NA
"GR",0,0,22,0,22,0,1,0,0,1,44.191791,10.106418,"Hybrid","Feiner_Uller",4.3,20,0.297894736842105,20,NA,NA
"GS",0,0,21,0,21,0,1,0,0,1,42.224,12.8439,"IT","Feiner_Uller",5.42857142857143,14,0.31695442705644,14,NA,NA
"IMM",1,0,28,3,32,0.03125,0.875,0.09375,0,3,44.46192,9.48231,"SA","Feiner_Uller",4.11111111111111,18,0.286191342907315,18,NA,NA
"IS",0,0,27,0,27,0,1,0,0,1,44.06614,10.3145994,"Hybrid","Feiner_Uller",4.05882352941176,17,0.317861648229122,17,NA,NA
"LC",0,0,37,0,37,0,1,0,0,1,41.990753,12.651613,"IT","Feiner_Uller",9.125,27,0.646846666666667,27,NA,NA
"LE",1,0,108,0,109,0.00917431192660551,0.990825688073395,0,0,2,44.168614,9.610654,"SA","Feiner_Uller",5.90909090909091,66,0.381222002402652,66,NA,NA
"LO",3,0,4,5,12,0.25,0.333333333333333,0.416666666666667,0,3,44.129588,8.256791,"SA","Feiner_Uller",1,5,0.21,5,"Y",NA
"LS",9,0,31,4,44,0.204545454545455,0.704545454545455,0.0909090909090909,0,3,42.253995,13.052055,"IT","Feiner_Uller",3.4375,32,0.238784004462088,32,NA,NA
"LV",0,0,34,0,34,0,1,0,0,1,44.0232,10.288,"Hybrid","Feiner_Uller",5.72222222222222,18,0.321379507899456,18,NA,NA
"LVF",1,0,28,0,29,0.0344827586206897,0.96551724137931,0,0,2,44.0251265288,10.2798143083,"Hybrid","Feiner_Uller",5.5,18,0.285000728705896,18,NA,NA
"MA",0,0,29,0,29,0,1,0,0,1,42.6534676,11.1032295,"IT","Feiner_Uller",7.73684210526316,19,0.384573684210526,19,NA,NA
"MAZ",0,0,24,0,24,0,1,0,0,1,42.1044633,12.0990801,"IT","Feiner_Uller",7.76923076923077,13,0.370023076923077,13,NA,NA
"MB",0,0,14,0,14,0,1,0,0,1,42.1337,12.7492,"IT","Feiner_Uller",7.1,10,0.467032093869225,10,NA,NA
"MDL",1,0,15,0,16,0.0625,0.9375,0,0,2,43.7393,10.3801,"IT","Feiner_Uller",8.33333333333333,9,0.472703348513066,9,NA,NA
"ME",0,0,26,2,28,0,0.928571428571429,0.0714285714285714,0,2,44.443159,8.748019,"SA","Feiner_Uller",4.9375,16,0.3125,16,NA,NA
"MF",0,0,43,1,44,0,0.977272727272727,0.0227272727272727,0,2,42.102974,12.826475,"IT","Feiner_Uller",5.89285714285714,28,0.432745604488829,28,NA,NA
"MG",0,0,32,0,32,0,1,0,0,1,44.01215,10.161607,"Hybrid","Feiner_Uller",5.72727272727273,23,0.271578947368421,23,NA,NA
"ML",1,0,17,2,20,0.05,0.85,0.1,0,3,45.77502,12.61037,NA,"Feiner_Uller",1.4,11,0.203545454545455,11,NA,NA
"MM",1,0,21,0,22,0.0454545454545455,0.954545454545455,0,0,2,42.99218,11.06385,"IT","Feiner_Uller",6.75,8,0.46625,8,NA,NA
"MN",0,0,57,0,57,0,1,0,0,1,42.2285,12.8662,"IT","Feiner_Uller",5.25714285714286,35,0.374121678888916,35,NA,NA
"MOA",1,0,24,0,25,0.04,0.96,0,0,2,42.3278868,11.5854692,"IT","Feiner_Uller",8,16,0.36405625,16,NA,NA
"MOB",0,0,21,3,24,0,0.875,0.125,0,2,44.46779283,9.43245873,"SA","Feiner_Uller",5.11764705882353,17,0.25818716351884,17,NA,NA
"MOI",0,0,38,1,39,0,0.974358974358974,0.0256410256410256,0,2,44.4637222222222,9.42746111111111,"SA","Feiner_Uller",6.04166666666667,24,0.349736177964264,24,NA,NA
"MOP",0,0,14,0,14,0,1,0,0,1,44.4825567827,9.48342619266,"SA","Feiner_Uller",2,7,0.329081243899629,7,NA,NA
"MP",0,0,34,0,34,0,1,0,0,1,44.09263,11.162579,"IT","Feiner_Uller",4,18,0.358888888888889,18,NA,NA
"MR",1,0,11,0,12,0.0833333333333333,0.916666666666667,0,0,2,42.136,12.8079,"IT","Feiner_Uller",7.66666666666667,6,0.500591755303154,6,NA,NA
"MT",0,0,19,0,19,0,1,0,0,1,43.894144,10.790448,"IT","Feiner_Uller",7.28571428571429,14,0.41,14,NA,NA
"MV",0,0,26,0,26,0,1,0,0,1,44.24124,11.207993,"IT","Feiner_Uller",3.875,16,0.35625,16,NA,NA
"MZ",8,0,14,2,24,0.333333333333333,0.583333333333333,0.0833333333333333,0,3,45.47677,11.05915,NA,"Feiner_Uller",1.4,15,0.09898,15,NA,NA
"NL",5,2,22,4,33,0.151515151515152,0.666666666666667,0.121212121212121,0.0606060606060606,3,44.206279,8.414208,"SA","Feiner_Uller",2.36842105263158,19,0.2375,19,NA,NA
"NO",0,0,26,0,26,0,1,0,0,1,44.67887,11.04116,"Hybrid","Feiner_Uller",6.6,15,0.462113333333333,15,NA,NA
"OL",1,0,8,3,12,0.0833333333333333,0.666666666666667,0.25,0,3,44.30501,10.78226,"Hybrid","Feiner_Uller",4.375,8,0.36212,8,NA,NA
"OT",9,0,18,0,27,0.333333333333333,0.666666666666667,0,0,2,44.623977,9.33166,"SA","Feiner_Uller",3.46666666666667,15,0.170666666666667,15,NA,NA
"OV",0,0,35,4,39,0,0.897435897435897,0.102564102564103,0,2,42.130023,12.9339,"IT","Feiner_Uller",2.82352941176471,17,0.34421051318146,17,NA,NA
"PA",0,0,27,0,27,0,1,0,0,1,44.189308,10.481565,"Hybrid","Feiner_Uller",3.44444444444444,18,0.347777777777778,18,NA,NA
"PB",1,0,34,0,35,0.0285714285714286,0.971428571428571,0,0,2,44.4154,9.4435,"SA","Feiner_Uller",5.33333333333333,18,0.262907787211282,18,NA,NA
"PE",0,0,34,0,34,0,1,0,0,1,43.544483,10.720143,"IT","Feiner_Uller",7.375,32,0.5375,32,NA,NA
"PG",2,0,16,9,27,0.0740740740740741,0.592592592592593,0.333333333333333,0,3,44.733188,9.925456,"SA","Feiner_Uller",1.69230769230769,13,0.32,13,NA,NA
"PGM",3,0,85,0,88,0.0340909090909091,0.965909090909091,0,0,2,42.1863305,12.8771192,"IT","Feiner_Uller",4.85915492957746,71,0.368929460798532,71,NA,NA
"PI",3,1,15,6,25,0.12,0.6,0.24,0.04,3,44.819758,9.502937,"SA","Feiner_Uller",1.92307692307692,13,0.302307692307692,13,NA,NA
"PL",10,2,23,2,37,0.27027027027027,0.621621621621622,0.0540540540540541,0.0540540540540541,3,42.289937,13.296673,"IT","Feiner_Uller",1.21,20,0.21,20,NA,NA
"PM",0,0,30,0,30,0,1,0,0,1,44.377663,9.881746,"SA","Feiner_Uller",6.76470588235294,17,0.44,17,NA,NA
"PN",2,0,17,1,20,0.1,0.85,0.05,0,3,44.539792,9.602503,"SA","Feiner_Uller",3.58333333333333,12,0.258333333333333,12,NA,NA
"POR",0,0,15,0,15,0,1,0,0,1,42.9107,11.4082,"IT","Feiner_Uller",8.33333333333333,6,0.466890797592168,6,NA,NA
"PP",0,0,21,0,21,0,1,0,0,1,43.6968,11.5298,"IT","Feiner_Uller",6.07692307692308,13,0.407683183559237,13,NA,NA
"PR",0,0,30,0,30,0,1,0,0,1,43.89949,11.10575,"IT","Feiner_Uller",7.07142857142857,14,0.447142857142857,14,NA,NA
"PS",0,0,36,0,36,0,1,0,0,1,42.056475,12.751177,"IT","Feiner_Uller",7.7,20,0.532570300951347,20,NA,NA
"PSC",1,0,24,0,25,0.04,0.96,0,0,2,44.03485278,10.27333333,"Hybrid","Feiner_Uller",4.42857142857143,14,0.37493736262096,14,NA,NA
"PSL",0,0,48,0,48,0,1,0,0,1,42.2503,12.8415,"IT","Feiner_Uller",5.53333333333333,30,0.425606855727949,30,NA,NA
"PSO",0,0,12,0,12,0,1,0,0,1,44.4509,9.4252,"SA","Feiner_Uller",6.875,8,0.305987461851894,8,NA,NA
"PT",0,0,32,0,32,0,1,0,0,1,44.00775,10.803696,"Hybrid","Feiner_Uller",4.6,15,0.396,15,NA,NA
"PV",0,0,22,0,22,0,1,0,0,1,44.33314,11.18937,"IT","Feiner_Uller",5.72727272727273,12,0.3890925,12,NA,NA
"PX",1,0,31,0,32,0.03125,0.96875,0,0,2,42.186729,12.997068,"IT","Feiner_Uller",4.5,12,0.295831849775125,12,NA,NA
"PZ",0,0,20,0,20,0,1,0,0,1,44.4435277777777,9.42063888888888,"SA","Feiner_Uller",8.1,10,0.257550218563725,10,NA,NA
"PZS",1,0,9,0,10,0.1,0.9,0,0,2,42.1575,12.963,"IT","Feiner_Uller",4.22222222222222,9,0.335781481901697,9,NA,NA
"QC",0,0,27,0,27,0,1,0,0,1,43.4493517,10.3892041,"IT","Feiner_Uller",8.75,16,0.61136430199132,16,NA,NA
"QM",0,0,11,0,11,0,1,0,0,1,44.03383611,10.2825,"Hybrid","Feiner_Uller",3.5,8,0.429721224258222,8,NA,NA
"RA",0,0,39,0,39,0,1,0,0,1,44.349446,9.233821,"SA","Feiner_Uller",8.14814814814815,28,0.326875,28,NA,NA
"RF",0,1,20,0,21,0,0.952380952380952,0,0.0476190476190476,1,44.472722124,9.45895201859,"SA","Feiner_Uller",2.57142857142857,14,0.29123355760463,14,NA,NA
"RG",0,0,25,0,25,0,1,0,0,1,44.169859,10.347005,"Hybrid","Feiner_Uller",4.53846153846154,13,0.346153846153846,13,NA,NA
"RI",0,0,26,0,26,0,1,0,0,1,42.3989,12.8505,"IT","Feiner_Uller",4.46666666666667,15,0.355988754857918,15,NA,NA
"RM",0,0,25,0,25,0,1,0,0,1,44.427781,9.317093,"SA","Feiner_Uller",6.8125,16,0.313823082221829,16,NA,NA
"RN",0,0,23,0,23,0,1,0,0,1,44.0046342,10.2729825,"Hybrid","Feiner_Uller",6.5625,16,0.370217596704016,16,NA,NA
"RO",0,0,18,0,18,0,1,0,0,1,41.858634,12.544189,"IT","Feiner_Uller",9,8,0.53515,8,NA,NA
"RT",0,0,23,2,25,0,0.92,0.08,0,2,44.472868,9.199563,"SA","Feiner_Uller",5.625,16,0.424666666666667,16,NA,NA
"SA",6,0,16,6,28,0.214285714285714,0.571428571428571,0.214285714285714,0,3,44.547268,9.451386,"SA","Feiner_Uller",3.23076923076923,13,0.223846153846154,13,NA,NA
"SAR",0,0,20,0,20,0,1,0,0,1,43.0743113,12.1205807,"IT","Feiner_Uller",7.38461538461539,13,0.377457304244935,13,NA,NA
"SCN",0,0,21,1,22,0,0.954545454545455,0.0454545454545455,0,2,42.1676,12.8204,"IT","Feiner_Uller",5.76923076923077,13,0.351116302451885,13,NA,NA
"SD",0,0,24,1,25,0,0.96,0.04,0,2,44.68643,8.672888,"SA","Feiner_Uller",2.46666666666667,15,0.222,15,NA,NA
"SF",0,0,26,0,26,0,1,0,0,1,42.8324,11.5846,"IT","Feiner_Uller",5.92857142857143,14,0.315744810229867,14,NA,NA
"SL",0,0,41,0,41,0,1,0,0,1,44.271417,9.409446,"SA","Feiner_Uller",8.1,20,0.399230769230769,20,NA,NA
"SM",1,0,22,6,29,0.0344827586206897,0.758620689655172,0.206896551724138,0,3,44.390615,8.515482,"SA","Feiner_Uller",4.14285714285714,14,0.345,14,NA,NA
"SMA",0,0,46,0,46,0,1,0,0,1,42.0703218,11.9543266,"IT","Feiner_Uller",9.04347826086956,23,0.457291591390083,23,NA,NA
"SO",0,0,22,4,26,0,0.846153846153846,0.153846153846154,0,2,44.479469,8.490197,"SA","Feiner_Uller",2.26666666666667,15,0.376,15,NA,NA
"SR",8,3,9,5,25,0.32,0.36,0.2,0.12,3,43.818329,7.772901,"SA","Feiner_Uller",1.6875,16,0.135,16,"Y",NA
"SS",0,0,33,0,33,0,1,0,0,1,44.288253,10.193174,"Hybrid","Feiner_Uller",6.36842105263158,19,0.355263157894737,19,NA,NA
"SST",0,0,23,0,23,0,1,0,0,1,42.4250405,11.105032,"IT","Feiner_Uller",4.375,16,0.358425,16,NA,NA
"ST",0,0,37,0,37,0,1,0,0,1,44.082345,9.90457,"Hybrid","Feiner_Uller",8.73684210526316,19,0.498181818181818,19,NA,NA
"STM",0,0,25,0,25,0,1,0,0,1,44.3591,9.35241111111111,"SA","Feiner_Uller",7.125,16,0.256997748734176,16,NA,NA
"STO",1,0,25,1,27,0.037037037037037,0.925925925925926,0.037037037037037,0,3,44.4337203,9.4914911,"SA","Feiner_Uller",4.61538461538461,13,0.32846370252966,13,NA,NA
"SU",0,0,24,1,25,0,0.96,0.04,0,2,41.9236731,13.0972695,"IT","Feiner_Uller",5.46153846153846,13,0.311187580159275,13,NA,NA
"SX",0,0,43,1,44,0,0.977272727272727,0.0227272727272727,0,2,43.726667,11.53816,"IT","Feiner_Uller",4.90476190476191,21,0.451921168433337,21,NA,NA
"SZ",0,0,34,0,34,0,1,0,0,1,43.9941,10.2301,"Hybrid","Feiner_Uller",5.88888888888889,18,0.319940094532638,18,NA,NA
"TE",0,0,26,0,26,0,1,0,0,1,44.464914,9.367309,"SA","Feiner_Uller",4.38461538461539,13,0.258461538461538,13,NA,NA
"TI",0,0,25,0,25,0,1,0,0,1,42.8437985,10.8916354,"IT","Feiner_Uller",6.6,15,0.40682,15,NA,NA
"TM",0,0,26,1,27,0,0.962962962962963,0.037037037037037,0,2,43.979745,10.544721,"Hybrid","Feiner_Uller",6.70588235294118,17,0.468823529411765,17,NA,NA
"TO",0,1,27,1,29,0,0.931034482758621,0.0344827586206897,0.0344827586206897,2,44.518896,9.157089,"SA","Feiner_Uller",3.8,10,0.307,10,NA,NA
"TP",1,0,23,0,24,0.0416666666666667,0.958333333333333,0,0,2,44.310652,9.73185,"SA","Feiner_Uller",6.14285714285714,14,0.36,14,NA,NA
"TR",0,0,22,0,22,0,1,0,0,1,43.16743,11.00843,"IT","Feiner_Uller",6.69230769230769,13,0.391538461538462,13,NA,NA
"TZ",4,0,20,2,26,0.153846153846154,0.769230769230769,0.0769230769230769,0,3,42.8278275,12.9382253,"IT","Feiner_Uller",1.66666666666667,15,0.274766666666667,15,NA,NA
"UR",0,0,24,1,25,0,0.96,0.04,0,2,43.723635,12.635868,"IT","Feiner_Uller",6.30769230769231,13,0.353138461538462,13,NA,NA
"US",0,1,38,0,39,0,0.974358974358974,0,0.0256410256410256,1,44.415181,9.156339,"SA","Feiner_Uller",6.55555555555556,27,0.368888888888889,27,NA,NA
"VA",0,0,34,4,38,0,0.894736842105263,0.105263157894737,0,2,44.359157,8.577422,"SA","Feiner_Uller",4.90909090909091,22,0.26,22,NA,NA
"VE",0,0,38,0,38,0,1,0,0,1,43.42148,11.11181,"IT","Feiner_Uller",7.30434782608696,23,0.4525,23,NA,NA
"VF",0,0,25,0,25,0,1,0,0,1,44.02834,10.27075,"Hybrid","Feiner_Uller",4.22222222222222,18,0.350288110974377,18,NA,NA
"VG",0,0,15,0,15,0,1,0,0,1,44.47634,11.01046,"Hybrid","Feiner_Uller",4.75,8,0.2963875,8,NA,NA
"VI",1,0,51,0,52,0.0192307692307692,0.980769230769231,0,0,2,43.84268,10.26326,"Hybrid","Feiner_Uller",8.58064516129032,31,0.576,31,NA,NA
"VS",0,0,26,0,26,0,1,0,0,1,44.118387,10.266344,"Hybrid","Feiner_Uller",4,13,0.333076923076923,13,NA,NA
"VZ",2,0,32,2,36,0.0555555555555556,0.888888888888889,0.0555555555555556,0,3,44.582081,9.942098,"SA","Feiner_Uller",4.51851851851852,27,0.316666666666667,27,NA,NA
"ZE",0,0,29,0,29,0,1,0,0,1,44.352749,9.763889,"SA","Feiner_Uller",6.16666666666667,12,0.355,12,NA,NA
"R1",4,1,9,5,19,0.210526315789474,0.473684210526316,0.263157894736842,0.0526315789473684,3,45.7778231565759,9.20978460578457,"SA","Sacchi_etal",NA,NA,NA,NA,"Y",NA
"R10",10,0,14,2,26,0.384615384615385,0.538461538461538,0.0769230769230769,0,3,45.3457539033878,9.4592172408963,"SA","Sacchi_etal",NA,NA,NA,NA,"Y",NA
"R11",20,0,112,27,159,0.125786163522013,0.70440251572327,0.169811320754717,0,3,45.1842009699497,9.08926667432599,"SA","Sacchi_etal",NA,NA,NA,NA,"Y",NA
"R12",10,4,50,24,88,0.113636363636364,0.568181818181818,0.272727272727273,0.0454545454545455,3,45.2108130373801,9.18424531519995,"SA","Sacchi_etal",NA,NA,NA,NA,"Y",NA
"R13",11,4,30,20,65,0.169230769230769,0.461538461538462,0.307692307692308,0.0615384615384615,3,45.2066919407531,9.14572512628143,"SA","Sacchi_etal",NA,NA,NA,NA,"Y",NA
"R14",288,200,499,446,1433,0.200976971388695,0.348220516399163,0.311235170969993,0.139567341242149,3,45.2449572982267,9.22381857073475,"SA","Sacchi_etal",NA,NA,NA,NA,"Y","extreme sample size and very high orange_yellow - check"
"R17",28,7,67,40,142,0.197183098591549,0.471830985915493,0.28169014084507,0.0492957746478873,3,45.2577044353423,9.02289029750852,"SA","Sacchi_etal",NA,NA,NA,NA,"Y",NA
"R18",49,11,119,115,294,0.166666666666667,0.404761904761905,0.391156462585034,0.0374149659863946,3,45.2568133436154,9.21863970986684,"SA","Sacchi_etal",NA,NA,NA,NA,"Y",NA
"R19",10,19,20,52,101,0.099009900990099,0.198019801980198,0.514851485148515,0.188118811881188,3,45.1572215805817,9.35133833414313,"SA","Sacchi_etal",NA,NA,NA,NA,"Y",NA
"R2",3,1,9,8,21,0.142857142857143,0.428571428571429,0.380952380952381,0.0476190476190476,3,45.6227668186908,9.0941674992865,"SA","Sacchi_etal",NA,NA,NA,NA,"Y",NA
"R20",0,0,26,0,26,0,1,0,0,1,43.81081008824,10.5193057642726,"IT","Sacchi_etal",NA,NA,NA,NA,"N",NA
"R21",10,1,14,10,35,0.285714285714286,0.4,0.285714285714286,0.0285714285714286,3,45.7289924923605,8.85960578634413,"SA","Sacchi_etal",NA,NA,NA,NA,"Y",NA
"R22",0,0,10,0,10,0,1,0,0,1,43.77936748115,10.7655886612253,"IT","Sacchi_etal",NA,NA,NA,NA,"N",NA
"R23",300,65,750,220,1335,0.224719101123595,0.561797752808989,0.164794007490637,0.048689138576779,3,45.6300327673063,9.15087220895935,"SA","Sacchi_etal",NA,NA,NA,NA,"Y","extreme sample size - check"
"R24",5,1,5,0,11,0.454545454545455,0.454545454545455,0,0.0909090909090909,2,46.0838031392066,11.9811657311437,NA,"Sacchi_etal",NA,NA,NA,NA,"Y","unclear lineage"
"R25",0,0,11,0,11,0,1,0,0,1,44.3250812078182,9.30108457462685,"SA","Sacchi_etal",NA,NA,NA,NA,"N",NA
"R26",3,3,10,3,19,0.157894736842105,0.526315789473684,0.157894736842105,0.157894736842105,3,45.2434817774869,9.02405684687952,"SA","Sacchi_etal",NA,NA,NA,NA,"Y",NA
"R27",4,1,7,1,13,0.307692307692308,0.538461538461538,0.0769230769230769,0.0769230769230769,3,45.247246409913,9.06509030224449,"SA","Sacchi_etal",NA,NA,NA,NA,"Y",NA
"R28",5,2,15,3,25,0.2,0.6,0.12,0.08,3,45.2227758836773,9.19523807073702,"SA","Sacchi_etal",NA,NA,NA,NA,"Y",NA
"R29",0,0,20,2,22,0,0.909090909090909,0.0909090909090909,0,2,44.8933279667689,11.8306429912033,NA,"Sacchi_etal",NA,NA,NA,NA,"N","unclear lineage"
"R3",0,0,11,0,11,0,1,0,0,1,44.6151012450063,11.8326353293831,NA,"Sacchi_etal",NA,NA,NA,NA,"N","unclear lineage"
"R30",9,0,7,5,21,0.428571428571429,0.333333333333333,0.238095238095238,0,3,45.1531131054374,10.714876975819,"SA","Sacchi_etal",NA,NA,NA,NA,"N",NA
"R4",1,1,5,3,10,0.1,0.5,0.3,0.1,3,44.9246982051655,8.18680638906887,"SA","Sacchi_etal",NA,NA,NA,NA,"Y",NA
"R43",8,8,2,15,33,0.242424242424242,0.0606060606060606,0.454545454545455,0.242424242424242,3,45.5377560312135,9.1426584949636,"SA","Sacchi_etal",NA,NA,NA,NA,"Y",NA
"R44",21,11,19,12,63,0.333333333333333,0.301587301587302,0.19047619047619,0.174603174603175,3,45.2358258599124,9.23029299653456,"SA","Sacchi_etal",NA,NA,NA,NA,"Y",NA
"R45",0,0,10,0,10,0,1,0,0,1,45.2455039841638,9.22504399046715,"SA","Sacchi_etal",NA,NA,NA,NA,"Y",NA
"R46",35,12,88,24,159,0.220125786163522,0.553459119496855,0.150943396226415,0.0754716981132075,3,45.8584072257377,9.15867661875673,"SA","Sacchi_etal",NA,NA,NA,NA,"Y",NA
"R47",3,0,3,4,10,0.3,0.3,0.4,0,3,45.6724531075021,9.12959644258166,"SA","Sacchi_etal",NA,NA,NA,NA,"Y",NA
"R48",0,0,11,0,11,0,1,0,0,1,44.3224210549142,9.21052520759052,"SA","Sacchi_etal",NA,NA,NA,NA,"N",NA
"R49",0,0,10,0,10,0,1,0,0,1,43.7812735555461,10.6575791738753,"IT","Sacchi_etal",NA,NA,NA,NA,"N",NA
"R5",0,0,10,0,10,0,1,0,0,1,44.3888849672185,9.16405814885708,"SA","Sacchi_etal",NA,NA,NA,NA,"N",NA
"R50",4,1,5,2,12,0.333333333333333,0.416666666666667,0.166666666666667,0.0833333333333333,3,45.5312677334109,9.20143809362184,"SA","Sacchi_etal",NA,NA,NA,NA,"Y",NA
"R51",6,1,5,4,16,0.375,0.3125,0.25,0.0625,3,45.5284242351104,9.21094291437386,"SA","Sacchi_etal",NA,NA,NA,NA,"Y",NA
"R52",3,2,21,4,30,0.1,0.7,0.133333333333333,0.0666666666666667,3,45.7481691249356,8.95406442160055,"SA","Sacchi_etal",NA,NA,NA,NA,"Y",NA
"R53",25,6,162,70,263,0.0950570342205323,0.615969581749049,0.26615969581749,0.0228136882129278,3,45.1905348182019,9.15865591818904,"SA","Sacchi_etal",NA,NA,NA,NA,"Y",NA
"R54",3,1,28,11,43,0.0697674418604651,0.651162790697674,0.255813953488372,0.0232558139534884,3,45.1883498413044,9.15021007835679,"SA","Sacchi_etal",NA,NA,NA,NA,"Y",NA
"R55",4,0,27,19,50,0.08,0.54,0.38,0,3,45.1849825950315,9.16377024864665,"SA","Sacchi_etal",NA,NA,NA,NA,"Y",NA
"R56",21,12,112,41,186,0.112903225806452,0.602150537634409,0.220430107526882,0.0645161290322581,3,45.1811882923664,9.15414967625297,"SA","Sacchi_etal",NA,NA,NA,NA,"Y",NA
"R57",8,0,20,6,34,0.235294117647059,0.588235294117647,0.176470588235294,0,3,45.196323736754,9.1644011542201,"SA","Sacchi_etal",NA,NA,NA,NA,"Y",NA
"R58",1,0,22,0,23,0.0434782608695652,0.956521739130435,0,0,2,44.9759144248402,11.1165439332054,NA,"Sacchi_etal",NA,NA,NA,NA,"N","unclear lineage"
"R59",2,0,15,2,19,0.105263157894737,0.789473684210526,0.105263157894737,0,3,45.0697817709431,11.7901587858881,NA,"Sacchi_etal",NA,NA,NA,NA,"N","unclear lineage"
"R6",8,7,6,8,29,0.275862068965517,0.206896551724138,0.275862068965517,0.241379310344828,3,45.5819871012517,9.22170570594295,"SA","Sacchi_etal",NA,NA,NA,NA,"Y",NA
"R60",0,0,25,0,25,0,1,0,0,1,44.6185266740382,10.7230865517585,NA,"Sacchi_etal",NA,NA,NA,NA,"N","unclear lineage"
"R61",0,0,12,0,12,0,1,0,0,1,44.2943643417039,9.43243214367863,"SA","Sacchi_etal",NA,NA,NA,NA,"N",NA
"R62",4,1,9,9,23,0.173913043478261,0.391304347826087,0.391304347826087,0.0434782608695652,3,45.7205888555685,9.17113601531264,"SA","Sacchi_etal",NA,NA,NA,NA,"Y",NA
"R63",5,2,8,7,22,0.227272727272727,0.363636363636364,0.318181818181818,0.0909090909090909,3,45.6863412705485,9.14471801755634,"SA","Sacchi_etal",NA,NA,NA,NA,"Y",NA
"R64",3,2,13,7,25,0.12,0.52,0.28,0.08,3,45.776538632247,9.12093626228766,"SA","Sacchi_etal",NA,NA,NA,NA,"Y",NA
"R65",9,1,3,4,17,0.529411764705882,0.176470588235294,0.235294117647059,0.0588235294117647,3,45.6153295666218,9.11638236405114,"SA","Sacchi_etal",NA,NA,NA,NA,"Y",NA
"R66",1,3,7,1,12,0.0833333333333333,0.583333333333333,0.0833333333333333,0.25,3,45.6302907845823,9.18918127816508,"SA","Sacchi_etal",NA,NA,NA,NA,"Y",NA
"R67",4,0,15,3,22,0.181818181818182,0.681818181818182,0.136363636363636,0,3,44.9926881807638,10.7371443878095,NA,"Sacchi_etal",NA,NA,NA,NA,"N","unclear lineage"
"R68",3,3,3,2,11,0.272727272727273,0.272727272727273,0.181818181818182,0.272727272727273,3,46.1708742312542,10.0685623909572,"SA","Sacchi_etal",NA,NA,NA,NA,"Y",NA
"R69",0,0,10,0,10,0,1,0,0,1,43.8431046326078,10.2628046257566,"IT","Sacchi_etal",NA,NA,NA,NA,"N",NA
"R7",3,0,18,0,21,0.142857142857143,0.857142857142857,0,0,2,44.8858877272441,11.4224877392207,NA,"Sacchi_etal",NA,NA,NA,NA,"N","unclear lineage"
"R70",1,0,14,0,15,0.0666666666666667,0.933333333333333,0,0,2,45.1587750895677,11.3530092726286,NA,"Sacchi_etal",NA,NA,NA,NA,"N","unclear lineage"
"R71",6,2,1,6,15,0.4,0.0666666666666667,0.4,0.133333333333333,3,45.402511060182,9.46275625359576,"SA","Sacchi_etal",NA,NA,NA,NA,"Y",NA
"R72",5,0,7,1,13,0.384615384615385,0.538461538461538,0.0769230769230769,0,3,42.6922896769406,13.2445086944029,"IT","Sacchi_etal",NA,NA,NA,NA,"N",NA
"R73",13,0,11,1,25,0.52,0.44,0.04,0,3,41.9954175843583,14.0708001757344,NA,"Sacchi_etal",NA,NA,NA,NA,"N","unclear lineage"
"R74",9,0,16,0,25,0.36,0.64,0,0,2,40.7834734691686,14.9547621010364,"SI","Sacchi_etal",NA,NA,NA,NA,"Y","SI lineage"
"R75",9,0,8,1,18,0.5,0.444444444444444,0.0555555555555556,0,3,40.2839583959616,15.360695733611,"SI","Sacchi_etal",NA,NA,NA,NA,"Y","SI lineage"
"R76",1,0,16,0,17,0.0588235294117647,0.941176470588235,0,0,2,40.4994550639125,15.3865479151809,"SI","Sacchi_etal",NA,NA,NA,NA,"Y","SI lineage"
"R78",0,0,28,1,29,0,0.96551724137931,0.0344827586206897,0,2,41.4944672647816,14.0068813896068,NA,"Sacchi_etal",NA,NA,NA,NA,"N","unclear lineage"
"R79",0,0,23,0,23,0,1,0,0,1,43.5175573560975,13.2540180032166,"IT","Sacchi_etal",NA,NA,NA,NA,"N",NA
"R80",0,0,34,1,35,0,0.971428571428571,0.0285714285714286,0,2,43.4879746642196,13.4732421797333,"IT","Sacchi_etal",NA,NA,NA,NA,"N",NA
"R81",0,0,27,0,27,0,1,0,0,1,43.4473883093305,13.013542455032,"IT","Sacchi_etal",NA,NA,NA,NA,"N",NA
"R82",0,0,25,0,25,0,1,0,0,1,43.1719920335776,13.7408507125281,"IT","Sacchi_etal",NA,NA,NA,NA,"N",NA
"R83",4,0,22,0,26,0.153846153846154,0.846153846153846,0,0,2,41.7166987038374,14.0691160102528,NA,"Sacchi_etal",NA,NA,NA,NA,"N","unclear lineage"
"R86",0,0,17,1,18,0,0.944444444444444,0.0555555555555556,0,2,42.158366821443,12.1333441447808,"IT","Sacchi_etal",NA,NA,NA,NA,"N",NA
"R87",4,0,13,1,18,0.222222222222222,0.722222222222222,0.0555555555555556,0,3,39.9874489904454,16.2421684408639,"SI","Sacchi_etal",NA,NA,NA,NA,"Y","SI lineage"
"R88",0,0,25,1,26,0,0.961538461538462,0.0384615384615385,0,2,45.7795772086652,12.7996163572233,NA,"Sacchi_etal",NA,NA,NA,NA,"Y","unclear lineage"
"R89",2,0,22,0,24,0.0833333333333333,0.916666666666667,0,0,2,41.4924306388291,14.3496557188209,NA,"Sacchi_etal",NA,NA,NA,NA,"N","unclear lineage"
"R9",34,0,142,29,205,0.165853658536585,0.692682926829268,0.141463414634146,0,3,45.1868895386262,9.10340044619582,"SA","Sacchi_etal",NA,NA,NA,NA,"Y",NA
"R90",0,0,13,0,13,0,1,0,0,1,44.0616961037134,12.4435615289307,"IT","Sacchi_etal",NA,NA,NA,NA,"N",NA
"R91",5,0,11,0,16,0.3125,0.6875,0,0,2,45.6815828364639,13.9690168737926,NA,"Sacchi_etal",NA,NA,NA,NA,"N","unclear lineage"
"R93",4,0,14,4,22,0.181818181818182,0.636363636363636,0.181818181818182,0,3,45.5487574731313,13.7273381596273,NA,"Sacchi_etal",NA,NA,NA,NA,"N","unclear lineage"
